"类型";"字"
0;"李"
0;"王"
0;"张"
0;"刘"
0;"陈"
0;"杨"
0;"赵"
0;"黄"
0;"周"
0;"吴"
0;"徐"
0;"孙"
0;"胡"
0;"朱"
0;"高"
0;"林"
0;"何"
0;"郭"
0;"马"
0;"罗"
1;"梁"
1;"宋"
1;"郑"
1;"谢"
1;"韩"
1;"唐"
1;"冯"
1;"于"
1;"董"
1;"萧"
1;"程"
1;"曹"
1;"袁"
1;"邓"
1;"许"
1;"傅"
1;"沈"
1;"曾"
1;"彭"
1;"吕"
2;"苏"
2;"卢"
2;"蒋"
2;"蔡"
2;"贾"
2;"丁"
2;"魏"
2;"薛"
2;"叶"
2;"阎"
2;"余"
2;"潘"
2;"杜"
2;"戴"
2;"夏"
2;"钟"
2;"汪"
2;"田"
2;"任"
2;"姜"
2;"范"
2;"方"
2;"石"
2;"姚"
2;"谭"
2;"廖"
2;"邹"
2;"熊"
2;"金"
2;"陆"
2;"郝"
2;"孔"
2;"白"
2;"崔"
2;"康"
2;"毛"
2;"邱"
2;"秦"
2;"江"
2;"史"
2;"顾"
2;"侯"
2;"邵"
2;"孟"
2;"龙"
2;"万"
2;"段"
2;"曹"
2;"钱"
2;"汤"
2;"尹"
2;"黎"
2;"易"
2;"常"
2;"武"
2;"乔"
2;"贺"
2;"赖"
2;"龚"
2;"文"
3;"支"
3;"余"
3;"贲"
3;"赵"
3;"慕"
3;"巫"
3;"太叔"
3;"方"
3;"诸"
3;"元"
3;"邓"
3;"孙"
3;"萧"
3;"乔"
3;"尉迟"
3;"柳"
3;"朱"
3;"卜"
3;"单"
3;"李"
3;"姚"
3;"燕"
3;"东方"
3;"叶"
3;"尤"
3;"顾"
3;"杭"
3;"周"
3;"邵"
3;"牧"
3;"诸葛"
3;"唐"
3;"许"
3;"穆"
3;"洪"
3;"郑"
3;"狄"
3;"侯"
3;"夏侯"
3;"吕"
3;"尹"
3;"包"
3;"王"
3;"宋"
3;"秋"
3;"欧阳"
3;"曹"
3;"堪"
3;"诸"
3;"冯"
3;"庞"
3;"仲"
3;"皇甫"
3;"严"
3;"汪"
3;"左"
3;"陈"
3;"叶"
3;"宫"
3;"上官"
3;"华"
3;"祁"
3;"石"
3;"卫"
3;"阮"
3;"宁"
3;"司马"
3;"孟"
3;"丁"
3;"车"
3;"陶"
3;"禹"
3;"崔"
3;"蒋"
3;"郦"
3;"仇"
3;"司空"
3;"姜"
3;"屈"
3;"吉"
3;"沈"
3;"童"
3;"祖"
3;"鲜于"
3;"柏"
3;"项"
3;"钮"
3;"韩"
3;"颜"
3;"武"
3;"长孙"
3;"段"
3;"濮阳"
3;"章"
3;"董"
3;"龚"
3;"杨"
3;"白"
3;"轩辕"
3;"潘"
3;"粱"
3;"程"
3;"秦"
3;"韶"
3;"闾丘"
3;"彭"
3;"罗"
3;"荣"
3;"何"
3;"郜"
3;"东郭"
3;"昌"
3;"席"
3;"荀"
3;"施"
3;"蔺"
3;"令狐"
3;"马"
3;"阎"
3;"羊"
3;"孔"
3;"徐"
3;"淳于"
3;"酆"
3;"贾"
3;"於"
3;"魏"
3;"邱"
3;"南宫"
3;"鲍"
3;"江"
3;"惠"
3;"戚"
3;"闵"
3;"百里"
3;"岑"
3;"黎"
3;"甄"
3;"谢"
3;"樊"
3;"单于"
3;"雷"
3;"鄂"
3;"魏"
3;"邹"
3;"温"
3;"宇文"
3;"汤"
3;"夏"
3;"家"
3;"卓"
3;"凌"
3;"赫连"
3;"滕"
3;"高"
3;"封"
3;"窦"
3;"霍"
3;"乐正"
3;"聂"
3;"蔡"
3;"宓"
3;"翟"
3;"虞"
3;"子车"
3;"廉"
3;"田"
3;"符"
3;"苏"
3;"柯"
3;"慕容"
3;"毕"
3;"万"
3;"刘"
3;"范"
3;"莫"
3;"司徒"
3;"郝"
3;"支"
3;"景"
3;"鲁"
3;"缪"
3;"阳佟"
3;"史"
3;"咎"
3;"詹"
3;"韦"
3;"宗"
3;"归海"
3;"邬"
3;"管"
3;"钱"
3;"苗"
3;"宣"
3;"司空"
3;"安"
3;"卢"
3;"吴"
3;"方"
3;"郁"
3;"西门"
3;"常"
3;"经"
3;"张"
3;"任"
3;"嵇"
3;"左丘"
3;"于"
3;"房"
3;"喻"
3;"袁"
3;"邢"
3;"伯赏"
3;"傅"
3;"裘"
3;"俞"
3;"柳"
3;"向"
3;"巫马"
3;"赫"
3;"费"
3;"唐"
3;"裴"
3;"谷粱"
3;"连"
3;"解"
3;"纪"
3;"薛"
3;"陆"
3;"公西"
3;"齐"
3;"应"
3;"骆"
3;"贺"
3;"翁"
3;"公冶"
3;"伍"
4;"邑"
4;"乾"
4;"擎汉"
4;"剑愁"
4;"逊"
4;"酬海"
4;"剑"
4;"臻"
4;"山河"
4;"严青"
4;"成危"
4;"仇天"
4;"成风"
4;"道天"
4;"一斩"
4;"豪"
4;"烙"
4;"鞅"
4;"霸"
4;"无剑"
4;"匪"
4;"寇"
4;"断天"
4;"戾"
4;"靖仇"
4;"远侵"
4;"鑫"
4;"匕"
4;"一刀"
4;"靖"
4;"霆"
4;"仇血"
4;"捕"
4;"隶"
4;"败"
4;"威"
4;"一德"
4;"剑成"
4;"羿"
4;"剑封"
4;"戎"
4;"元龙"
4;"丑"
4;"如豹"
4;"连虎"
4;"万恶"
4;"豁"
4;"耷"
4;"似狮"
4;"恶天"
4;"剑鬼"
4;"灭龙"
4;"定帮"
4;"远锋"
4;"剑身"
4;"伟帮"
4;"罡"
4;"半鬼"
4;"高烽"
4;"嚣"
4;"鹰"
4;"剑"
4;"聋五"
4;"铁身"
4;"延恶"
4;"老黑"
4;"行恶"
4;"剑通"
4;"行恶"
4;"剑通"
4;"旭尧"
4;"擎苍"
4;"擎宇"
4;"鑫磊"
4;"昊强"
4;"伟宸"
4;"鹏涛"
4;"健柏"
4;"修杰"
4;"峻熙"
4;"鸿煊"
4;"博涛"
4;"正豪"
4;"峻熙"
4;"鸿煊"
4;"鑫鹏"
4;"愚志"
4;"强炫"
4;"振家"
4;"昊焱"
4;"金鑫"
4;"靖柏"
4;"从寒"
4;"山柏"
4;"靖易"
4;"靖巧"
4;"傲安"
4;"傲之"
4;"飞阳"
4;"白凡"
4;"傲柏"
4;"靖柏"
4;"白柏"
4;"寒天"
4;"映天"
4;"安阳"
4;"雁易"
4;"傲松"
4;"靖易"
4;"向松"
4;"寒云"
4;"寄风"
4;"慕山"
4;"映天"
4;"安柏"
4;"听筠"
4;"寻冬"
4;"冷松"
4;"乐天"
4;"豪英"
4;"一笑"
4;"蹇"
4;"成败"
4;"冥幽"
4;"天问"
4;"复天"
4;"忘幽"
4;"士萧"
4;"凡"
4;"鞯"
4;"中道"
4;"嵩"
4;"达"
4;"鹤"
4;"不斜"
4;"不可"
4;"成仁"
4;"道消"
4;"不二"
4;"裘"
4;"冥"
4;"不正"
4;"无施"
4;"道罡"
4;"惮"
4;"无声"
4;"不斜"
4;"不凡"
4;"雍"
4;"博"
4;"百招"
4;"不尤"
4;"千万"
4;"若风"
4;"千筹"
4;"铭"
4;"弼"
4;"随阴"
4;"若剑"
4;"一手"
4;"若之"
4;"断缘"
4;"驳"
4;"钧"
4;"三毒"
4;"亿先"
4;"道之"
4;"万声"
4;"疾"
4;"三德"
4;"人达"
4;"剑心"
4;"万天"
4;"沅"
4;"悲"
4;"人英"
4;"送终"
4;"祥"
4;"老九"
4;"人杰"
4;"绝山"
4;"誉"
4;"储"
4;"老五"
4;"人雄"
4;"万言"
4;"绝义"
4;"擎"
4;"靳"
4;"老四"
4;"绝悟"
4;"沧海"
4;"荆"
4;"十三"
4;"成威"
4;"绝施"
4;"万仇"
4;"涛"
4;"邴"
4;"成协"
4;"乘风"
4;"万怨"
4;"卿"
4;"坤"
4;"糜"
4;"不评"
4;"乘云"
4;"松"
4;"老三"
4;"世开"
4;"焱"
4;"磬"
4;"井"
4;"大楚"
4;"广山"
4;"虔"
4;"函"
4;"富"
4;"不言"
4;"契"
4;"翰"
4;"乌"
4;"追命"
4;"远望"
4;"无敌"
4;"焦"
4;"大有"
4;"难敌"
4;"远山"
4;"鸿"
4;"萧"
4;"奎"
4;"难破"
4;"广缘"
4;"行天"
4;"胜"
4;"稀"
4;"自中"
4;"难摧"
4;"天与"
4;"浩天"
4;"骁"
4;"班"
4;"天川"
4;"难胜"
4;"天寿"
4;"卿"
4;"鲂"
4;"仰"
4;"大开"
4;"德地"
4;"天奇"
4;"无血"
4;"城"
4;"伊"
4;"傀儡"
4;"德天"
4;"半仙"
4;"康"
4;"筮"
4;"栾"
4;"羊青"
4;"世平"
4;"一鸣"
4;"如花"
4;"阁"
4;"勒"
4;"厉"
4;"牛青"
4;"世德"
4;"文龙"
4;"三问"
4;"穆"
4;"炳"
4;"戎"
4;"开山"
4;"世立"
4;"元正"
4;"非笑"
4;"扬"
4;"斩"
4;"天德"
4;"中恶"
4;"浩阑"
4;"蓝血"
4;"垣"
4;"颤"
4;"士晋"
4;"无招"
4;"师"
4;"孱"
4;"百川"
4;"铸海"
4;"无极"
4;"翼"
4;"续"
4;"半邪"
4;"世倌"
4;"人龙"
4;"鬼神"
4;"秋"
4;"岩"
4;"半山"
4;"伯云"
4;"满天"
4;"傥"
4;"奄"
4;"一江"
4;"岱周"
4;"老头"
4;"飞扬"
4;"乞"
4;"箴"
4;"十八"
4;"致远"
4;"俊驰"
4;"烨磊"
4;"晟睿"
4;"天佑"
4;"文昊"
4;"远航"
4;"鸿涛"
4;"荣轩"
4;"越泽"
4;"浩宇"
4;"皓轩"
4;"志泽"
4;"子轩"
4;"睿渊"
4;"弘文"
4;"哲瀚"
4;"楷瑞"
4;"建辉"
4;"晋鹏"
4;"天磊"
4;"绍辉"
4;"泽洋"
4;"鹏煊"
4;"博超"
4;"君浩"
4;"子骞"
4;"炎彬"
4;"越彬"
4;"风华"
4;"明辉"
4;"伟诚"
4;"明轩"
4;"志泽"
4;"弘文"
4;"煜城"
4;"烨伟"
4;"苑博"
4;"伟泽"
4;"烨华"
4;"智宸"
4;"明杰"
4;"立诚"
4;"立轩"
4;"立辉"
4;"弘文"
4;"烨霖"
4;"天思"
4;"聪展"
4;"鹏笑"
4;"松思"
4;"源智"
4;"渊思"
4;"晓啸"
5;"绯"
5;"涔"
5;"紊"
5;"珩"
5;"瑛"
5;"断秋"
5;"碧空"
5;"紊"
5;"碧"
5;"翎"
5;"枫"
5;"凛"
5;"汲"
5;"遥"
5;"天抒"
5;"连碧"
5;"雨泽"
5;"修洁"
5;"黎昕"
5;"伟祺"
5;"瑾瑜"
5;"雨泽"
5;"鹤轩"
5;"靖琪"
5;"嘉懿"
5;"懿轩"
5;"熠彤"
5;"烨霖"
5;"煜祺"
5;"熠彤"
5;"明雪"
5;"嘉熙"
5;"半雪"
5;"山柳"
5;"谷雪"
5;"代桃"
5;"慕蕊"
5;"初晴"
5;"尔蓝"
5;"灵竹"
5;"醉薇"
5;"尔曼"
5;"诗云"
5;"书芹"
5;"水云"
5;"访琴"
5;"绮彤"
5;"雨珍"
5;"初彤"
5;"平灵"
5;"芷烟"
5;"怜烟"
5;"觅云"
5;"莹"
5;"妍"
5;"鸣凤"
5;"茗"
5;"颖"
5;"嫣"
5;"无颜"
5;"盈"
5;"稚晴"
5;"菲鹰"
5;"樱"
5;"凤"
5;"英姑"
5;"冰颜"
5;"姝"
5;"荧"
5;"珠"
5;"亚男"
5;"若颜"
5;"彤"
5;"萤"
5;"洙"
5;"飞飞"
5;"莺"
5;"竺"
5;"若男"
5;"妙芹"
5;"若冰"
5;"芝"
5;"瑛"
5;"萝"
5;"珊珊"
5;"嫣娆"
5;"绾绾"
5;"芷"
5;"璎"
5;"翠"
5;"高丽"
5;"如雪"
5;"唯雪"
5;"姿"
5;"芙"
5;"萃"
5;"菲音"
5;"绝音"
5;"柔"
5;"茗茗"
5;"如冰"
5;"血茗"
5;"涫"
5;"湘"
5;"沁"
5;"代男"
5;"荧荧"
5;"如娆"
5;"凤妖"
5;"秀"
5;"芹"
5;"如音"
5;"蓉"
5;"香"
5;"雪冥"
5;"青"
5;"玲"
5;"珊"
5;"冰姬"
5;"琳"
5;"绝音"
5;"清"
5;"绫"
5;"沉鱼"
5;"宝莹"
5;"涔雨"
5;"惠"
5;"翎"
5;"葶"
5;"落雁"
5;"老姆"
5;"荟"
5;"丝"
5;"凡英"
5;"莫茗"
5;"黎云"
5;"筝"
5;"姒"
5;"赛君"
5;"可仁"
5;"莫英"
5;"凤凰"
5;"苠"
5;"闭月"
5;"可兰"
5;"朝雪"
5;"绮"
5;"羞花"
5;"可燕"
5;"老太"
5;"颜演"
5;"珍"
5;"淇"
5;"茹嫣"
5;"幻然"
5;"宛"
5;"荠"
5;"丹妗"
5;"娩"
5;"琦"
5;"青荷"
5;"梨愁"
5;"幻雪"
5;"清涟"
5;"冥茗"
5;"幻嫣"
5;"菀"
5;"沂"
5;"一兰"
5;"溪灵"
5;"苡"
5;"惋清"
5;"愫"
5;"怡"
5;"惋庭"
5;"太英"
5;"涑"
5;"绣连"
5;"香芦"
5;"太清"
5;"藏今"
5;"兰"
5;"芳"
5;"金连"
5;"飞凤"
5;"善斓"
5;"幻姬"
5;"芸"
5;"无春"
5;"善愁"
5;"茹妖"
5;"傻姑"
5;"紫烟"
5;"善若"
5;"忻"
5;"蛟凤"
5;"双双"
5;"嫣然"
5;"芯"
5;"莹芝"
5;"汝燕"
5;"阑悦"
5;"藏花"
5;"雯"
5;"玉兰"
5;"阑香"
5;"妖妖"
5;"茈"
5;"太兰"
5;"婷冉"
5;"一凤"
5;"弱"
5;"芷"
5;"寡妇"
5;"紫伊"
5;"芸遥"
5;"萍"
5;"颜"
5;"凤灵"
5;"毒娘"
5;"问晴"
5;"苑睐"
5;"小小"
5;"梦琪"
5;"之桃"
5;"尔岚"
5;"初夏"
5;"沛菡"
5;"颦"
5;"艳"
5;"媚颜"
5;"清涟"
5;"舞仙"
5;"傲珊"
5;"乐菱"
5;"香寒"
5;"新柔"
5;"语蓉"
5;"夜蓉"
5;"水桃"
5;"醉蓝"
5;"语琴"
5;"从彤"
5;"傲晴"
5;"语兰"
5;"碧彤"
5;"元霜"
5;"怜梦"
5;"紫寒"
5;"妙彤"
5;"曼易"
5;"南莲"
5;"紫翠"
5;"易烟"
5;"如萱"
5;"若南"
5;"晓亦"
5;"向珊"
5;"慕灵"
5;"以蕊"
5;"雪柳"
5;"沛珊"
5;"宛儿"
5;"绿真"
5;"晓霜"
5;"碧凡"
5;"夏菡"
5;"曼香"
5;"若烟"
5;"半梦"
5;"雅绿"
5;"冰蓝"
5;"书翠"
5;"梦曼"
5;"幼翠"
5;"亦玉"
5;"凌萱"
5;"访卉"
5;"怀亦"
5;"笑蓝"
5;"夜蕾"
5;"书雪"
5;"乐枫"
5;"念薇"
5;"静曼"
5;"念露"
5;"芷蕾"
5;"千兰"
5;"新蕾"
5;"雁玉"
5;"冷卉"
5;"千琴"
5;"傲芙"
5;"怀蝶"
5;"冰兰"
5;"翠萱"
5;"如霜"
5;"丹珍"
5;"冰彤"
5;"之瑶"
5;"冰露"
5;"尔珍"
5;"谷雪"
5;"乐萱"
5;"涵菡"
5;"海莲"
5;"傲蕾"
5;"青槐"
5;"易梦"
5;"惜雪"
5;"宛海"
5;"之柔"
5;"夏青"
5;"亦瑶"
5;"妙菡"
5;"紫蓝"
5;"冰枫"
5;"芷蕊"
5;"凡蕾"
5;"凡柔"
5;"安蕾"
5;"天荷"
5;"含玉"
5;"书兰"
5;"雅琴"
5;"书瑶"
5;"夏槐"
5;"念芹"
5;"代曼"
5;"幻珊"
5;"谷丝"
5;"秋翠"
5;"白晴"
5;"海露"
5;"代荷"
5;"含玉"
5;"书蕾"
5;"听白"
5;"灵雁"
5;"雪青"
5;"乐瑶"
5;"含烟"
5;"涵双"
5;"平蝶"
5;"雅蕊"
5;"傲之"
5;"灵薇"
5;"含蕾"
5;"从梦"
5;"从蓉"
5;"初丹"
5;"听兰"
5;"听蓉"
5;"语芙"
5;"夏彤"
5;"凌瑶"
5;"忆翠"
5;"幻灵"
5;"怜菡"
5;"紫南"
5;"依珊"
5;"妙竹"
5;"访烟"
5;"怜蕾"
5;"友绿"
5;"冰萍"
5;"惜霜"
5;"凌香"
5;"芷蕾"
5;"雁卉"
5;"迎梦"
5;"代萱"
5;"怀蕊"
5;"涵雁"
5;"凡梅"
5;"盼曼"
5;"翠彤"
5;"千萍"
5;"冰烟"
5;"幼蓉"
5;"以蓝"
5;"秋烟"
5;"芷巧"
5;"水香"
5;"幻莲"
5;"芷卉"
5;"向彤"
5;"小玉"
5;"涵蕾"
5;"碧菡"
5;"映秋"
5;"盼烟"
5;"寒香"
5;"小凡"
5;"梦露"
5;"友蕊"
5;"怜蕾"
5;"水绿"
5;"曼荷"
5;"笑珊"
5;"寒珊"
5;"谷南"
5;"慕儿"
5;"夏岚"
5;"友儿"
5;"小萱"
5;"紫青"
5;"妙菱"
5;"曼柔"
5;"语蝶"
5;"晓槐"
5;"访云"
5;"翠容"
5;"晓绿"
5;"以菱"
5;"含玉"
5;"含卉"
5;"灵竹"
5;"醉薇"
5;"元珊"
5;"盼夏"
5;"元瑶"
5;"迎曼"
5;"紫霜"
5;"怜寒"
5;"青丝"
5;"翠安"
5;"凌雪"
5;"绮菱"
5;"香薇"
5;"冬灵"
5;"凌珍"
5;"沛文"
5;"雪旋"
5;"映梦"
5;"小霜"
5;"雪萍"
5;"半雪"
5;"谷雪"
5;"白薇"
5;"梦菡"
5;"飞绿"
5;"如波"
5;"又晴"
5;"友易"
5;"香菱"
5;"问雁"
5;"秋灵"
5;"凝芙"
5;"念烟"
5;"从灵"
5;"尔芙"
5;"迎蓉"
5;"翠绿"
5;"翠芙"
5;"靖儿"
5;"小珍"
5;"妙旋"
5;"雪枫"
5;"夏菡"
5;"绮琴"
5;"雨双"
5;"觅荷"
5;"晓凡"
5;"雅彤"
5;"幻丝"
5;"代梅"
5;"元菱"
5;"海瑶"
5;"听露"
5;"梦岚"
5;"幻竹"
5;"谷云"
5;"忆霜"
5;"水瑶"
5;"慕晴"
5;"秋双"
5;"雨真"
5;"觅珍"
5;"丹雪"
5;"妙晴"
5;"晓夏"
5;"宛筠"
5;"碧琴"
5;"盼兰"
5;"小夏"
5;"青曼"
5;"千儿"
5;"寻双"
5;"涵瑶"
5;"冷梅"
5;"秋柔"
5;"思菱"
5;"迎夏"
5;"向雪"
5;"以丹"
5;"依凝"
5;"雁菱"
5;"宛白"
5;"初柔"
5;"南蕾"
5;"书萱"
5;"梦槐"
5;"南琴"
5;"沛儿"
5;"晓瑶"
5;"凝蝶"
5;"紫雪"
5;"念双"
5;"念真"
5;"曼寒"
5;"雪兰"
5;"雅霜"
5;"从蓉"
5;"冷雪"
5;"翠丝"
5;"觅翠"
5;"乐蓉"
5;"丹烟"
5;"梦旋"
5;"念桃"
5;"安筠"
5;"觅柔"
5;"初南"
5;"安露"
5;"诗蕊"
5;"友菱"
5;"香露"
5;"晓兰"
5;"白卉"
5;"冷珍"
5;"秋翠"
5;"夏柳"
5;"忆南"
5;"翠桃"
5;"寄瑶"
5;"如曼"
5;"问柳"
5;"幻桃"
5;"又菡"
5;"醉蝶"
5;"亦绿"
5;"诗珊"
5;"听芹"
5;"易巧"
5;"念云"
5;"晓灵"
5;"夏蓉"
5;"如南"
5;"幼丝"
5;"紫文"
5;"凌晴"
5;"雅琴"
5;"初蝶"
5;"代芹"
5;"诗霜"
5;"碧灵"
5;"诗柳"
5;"夏柳"
5;"慕梅"
5;"冬菱"
5;"宛凝"
5;"安荷"
5;"静竹"
5;"代柔"
5;"绮梅"
5;"凝荷"
5;"幼珊"
5;"忆彤"
5;"之桃"
5;"芷荷"
5;"听荷"
5;"代玉"
5;"念珍"
5;"梦菲"
5;"夜春"
5;"千秋"
5;"白秋"
5;"谷菱"
5;"初瑶"
5;"惜灵"
5;"梦易"
5;"新瑶"
5;"曼梅"
5;"碧曼"
5;"友瑶"
5;"雨兰"
5;"芷珍"
5;"含芙"
5;"依萱"
5;"以莲"
5;"安南"
5;"幼晴"
5;"尔琴"
5;"沛萍"
5;"雪瑶"
5;"向卉"
5;"寒荷"
5;"觅双"
5;"白桃"
5;"安卉"
5;"迎曼"
5;"盼雁"
5;"以柳"
5;"含海"
5;"翠曼"
5;"忆梅"
5;"涵柳"
5;"海蓝"
5;"晓曼"
5;"代珊"
5;"忆丹"
5;"静芙"
5;"绮兰"
5;"梦安"
5;"紫丝"
5;"千雁"
5;"凝珍"
5;"香萱"
5;"梦容"
5;"冷雁"
5;"飞柏"
5;"天真"
5;"翠琴"
5;"寄真"
5;"秋荷"
5;"代珊"
5;"初雪"
5;"怜容"
5;"南露"
5;"冰凡"
5;"海雪"
5;"语蓉"
5;"碧玉"
5;"凝梦"
5;"从雪"
5;"念露"
5;"慕凝"
5;"雅柔"
5;"盼柳"
5;"半青"
5;"从霜"
5;"怀柔"
5;"怜晴"
5;"夜蓉"
5;"若菱"
5;"芷文"
5;"南晴"
5;"初翠"
5;"灵波"
5;"问夏"
5;"惜海"
5;"沛芹"
5;"幼萱"
5;"白凝"
5;"初露"
5;"迎海"
5;"绮玉"
5;"凌香"
5;"寻芹"
5;"秋柳"
5;"含雁"
5;"寒松"
5;"寻雪"
5;"青烟"
5;"问蕊"
5;"雪巧"
5;"丹萱"
5;"孤萍"
5;"紫菱"
5;"寻凝"
5;"傲儿"
5;"友容"
5;"尔丝"
5;"曼凝"
5;"若蕊"
5;"问丝"
5;"水卉"
5;"问梅"
5;"念寒"
5;"诗双"
5;"翠霜"
5;"夜香"
5;"寒蕾"
5;"冷玉"
5;"平彤"
5;"语薇"
5;"幻珊"
5;"紫夏"
5;"凌波"
5;"芷蝶"
5;"丹南"
5;"之双"
5;"凡波"
5;"思雁"
5;"白莲"
5;"从菡"
5;"如容"
5;"采柳"
5;"沛岚"
5;"惜儿"
5;"水儿"
5;"语海"
5;"听莲"
5;"幻枫"
5;"念柏"
5;"冰珍"
5;"凝蕊"
5;"思萱"
5;"向梦"
5;"笑南"
5;"夏旋"
5;"之槐"
5;"元灵"
5;"以彤"
5;"采萱"
5;"巧曼"
5;"绿兰"
5;"平蓝"
5;"问萍"
5;"绿蓉"
5;"迎蕾"
5;"碧曼"
5;"思卉"
5;"妙菡"
5;"雨柏"
5;"雁菡"
5;"梦之"
5;"又莲"
5;"乐荷"
5;"凝琴"
5;"书南"
5;"白梦"
5;"初瑶"
5;"平露"
5;"含巧"
5;"慕蕊"
5;"半莲"
5;"醉卉"
5;"天菱"
5;"青雪"
5;"雅旋"
5;"巧荷"
5;"飞丹"
5;"若灵"
5;"尔云"
5;"诗兰"
5;"青梦"
5;"海菡"
5;"灵槐"
5;"忆秋"
5;"凝芙"
5;"绮山"
5;"静白"
5;"尔蓉"
5;"映萱"
5;"白筠"
5;"冰双"
5;"访彤"
5;"绿柏"
5;"夏云"
5;"笑翠"
5;"晓灵"
5;"含双"
5;"盼波"
5;"以云"
5;"怜翠"
5;"之卉"
5;"问儿"
5;"绿柳"
5;"如蓉"
5;"曼容"
5;"天晴"
5;"丹琴"
5;"寻琴"
5;"依瑶"
5;"忆灵"
5;"依柔"
5;"问兰"
5;"山晴"
5;"怜珊"
5;"沛春"
5;"雨南"
5;"梦之"
5;"代容"
5;"友琴"
5;"雁梅"
5;"友桃"
5;"从露"
5;"语柔"
5;"傲玉"
5;"觅夏"
5;"晓蓝"
5;"新晴"
5;"雨莲"
5;"凝旋"
5;"绿旋"
5;"幻香"
5;"觅双"
5;"忆雪"
5;"友卉"
5;"幻翠"
5;"靖柔"
5;"寻菱"
5;"丹翠"
5;"雅寒"
5;"惜筠"
5;"飞瑶"
5;"夏兰"
5;"沛蓝"
5;"静丹"
5;"山芙"
5;"笑晴"
5;"新烟"
5;"笑旋"
5;"雁兰"
5;"凌翠"
5;"秋莲"
5;"书桃"
5;"语儿"
5;"映菡"
5;"初曼"
5;"听云"
5;"初夏"
5;"雅香"
5;"语雪"
5;"初珍"
5;"冰薇"
5;"诗槐"
5;"冷玉"
5;"冰巧"
5;"之槐"
5;"夏寒"
5;"诗筠"
5;"新梅"
5;"白曼"
5;"含桃"
5;"曼卉"
5;"笑萍"
5;"晓露"
5;"水彤"
5;"安彤"
5;"乐巧"
5;"依风"
5;"紫南"
5;"亦丝"
5;"易蓉"
5;"紫萍"
5;"惜萱"
5;"诗蕾"
5;"寻绿"
5;"诗双"
5;"寻云"
5;"孤丹"
5;"谷蓝"
5;"山灵"
5;"幻丝"
5;"友梅"
5;"从云"
5;"雁丝"
5;"冰香"
5;"依玉"
5;"妙梦"
5;"以冬"
5;"曼青"
5;"雪曼"
5;"凌蝶"
5;"南烟"
5;"沛凝"
5;"翠梅"
5;"雪卉"
5;"乐儿"
5;"傲丝"
5;"安青"
5;"初蝶"
5;"寄灵"
5;"惜寒"
5;"雨竹"
5;"冬莲"
5;"绮南"
5;"翠柏"
5;"亦玉"
5;"孤兰"
5;"秋珊"
5;"半芹"
5;"夏瑶"
5;"念文"
5;"晓丝"
5;"涵蕾"
5;"雁凡"
5;"谷兰"
5;"灵凡"
5;"凝云"
5;"曼云"
5;"丹彤"
5;"南霜"
5;"从筠"
5;"雁芙"
5;"语蝶"
5;"依波"
5;"晓旋"
5;"念之"
5;"盼芙"
5;"曼安"
5;"采珊"
5;"初柳"
5;"曼安"
5;"南珍"
5;"妙芙"
5;"语柳"
5;"含莲"
5;"晓筠"
5;"尔容"
5;"念梦"
5;"问薇"
5;"雨灵"
5;"冰海"
5;"初珍"
5;"宛菡"
5;"冬卉"
5;"盼晴"
5;"冷荷"
5;"寄翠"
5;"幻梅"
5;"语梦"
5;"易梦"
5;"千柔"
5;"向露"
5;"梦玉"
5;"傲霜"
5;"依霜"
5;"诗桃"
5;"书蝶"
5;"冰蝶"
5;"以晴"
5;"梦桃"
5;"香菱"
5;"水蓉"
5;"雅容"
5;"飞烟"
5;"雁荷"
5;"代芙"
5;"醉易"
5;"夏烟"
5;"依秋"
5;"依波"
5;"紫萱"
5;"幻巧"
5;"水风"
5;"白亦"
5;"怜雪"
5;"听南"
5;"念蕾"
5;"梦竹"
5;"千凡"
5;"寄琴"
5;"采波"
5;"元冬"
5;"思菱"
5;"平卉"
5;"笑柳"
5;"雪卉"
5;"谷梦"
5;"绿蝶"
5;"飞荷"
5;"孤晴"
5;"芷荷"
5;"曼冬"
5;"尔槐"
5;"以旋"
5;"绿蕊"
5;"初夏"
5;"依丝"
5;"怜南"
5;"雨安"
5;"水风"
5;"寄柔"
5;"幼枫"
5;"凡桃"
5;"新儿"
5;"夏波"
5;"雨琴"
5;"静槐"
5;"飞薇"
5;"小凝"
5;"傲菡"
5;"谷蕊"
5;"笑槐"
5;"飞兰"
5;"笑卉"
5;"迎荷"
5;"书竹"
5;"半烟"
5;"绮波"
5;"小之"
5;"觅露"
5;"夜雪"
5;"寒梦"
5;"白梅"
5;"雨旋"
5;"芷珊"
5;"山彤"
5;"尔柳"
5;"沛柔"
5;"灵萱"
5;"沛凝"
5;"白容"
5;"乐蓉"
5;"映安"
5;"依云"
5;"凡雁"
5;"梦秋"
5;"醉柳"
5;"梦凡"
5;"若云"
5;"元容"
5;"怀蕾"
5;"天薇"
5;"亦凝"
5;"易绿"
5;"夜南"
5;"曼凡"
5;"亦巧"
5;"青易"
5;"冰真"
5;"白萱"
5;"诗翠"
5;"雪珍"
5;"小蕊"
5;"又琴"
5;"香彤"
5;"语梦"
5;"惜蕊"
5;"迎彤"
5;"雁山"
5;"易蓉"
5;"雪晴"
5;"诗珊"
5;"冰绿"
5;"半梅"
5;"笑容"
5;"沛凝"
5;"念瑶"
5;"如冬"
5;"从蓉"
5;"向雁"
5;"尔蝶"
5;"丹亦"
5;"夏山"
5;"醉香"
5;"盼夏"
5;"孤菱"
5;"安莲"
5;"问凝"
5;"冬萱"
5;"雁蓉"
5;"梦蕊"
5;"山菡"
5;"南莲"
5;"飞双"
5;"凝丝"
5;"思萱"
5;"怀梦"
5;"雨梅"
5;"冷霜"
5;"迎丝"
5;"迎梅"
5;"听双"
5;"山蝶"
5;"夜梅"
5;"雨筠"
5;"半蕾"
5;"幼菱"
5;"寻梅"
5;"含之"
5;"香之"
5;"含蕊"
5;"亦玉"
5;"靖荷"
5;"碧萱"
5;"向南"
5;"书雁"
5;"怀薇"
5;"思菱"
5;"忆文"
5;"若山"
5;"向秋"
5;"绮烟"
5;"从蕾"
5;"天曼"
5;"又亦"
5;"依琴"
5;"曼彤"
5;"元绿"
5;"安珊"
5;"夏之"
5;"宛亦"
5;"白翠"
5;"丹云"
5;"易文"
5;"傲易"
5;"青旋"
5;"思真"
5;"妙之"
5;"半双"
5;"若翠"
5;"初兰"
5;"怀曼"
5;"惜萍"
5;"初之"
5;"宛丝"
5;"幻儿"
5;"千风"
5;"天蓉"
5;"雅青"
5;"寄文"
5;"惜珊"
5;"向薇"
5;"冬灵"
5;"惜芹"
5;"凌青"
5;"谷芹"
5;"雁桃"
5;"映雁"
5;"书兰"
5;"访烟"
5;"绮晴"
5;"傲柔"
5;"以珊"
5;"紫雪"
5;"芷容"
5;"书琴"
5;"寻桃"
5;"涵阳"
5;"怀寒"
5;"易云"
5;"采蓝"
5;"代秋"
5;"惜梦"
5;"尔烟"
5;"怀莲"
5;"涵菱"
5;"水蓝"
5;"半兰"
5;"又柔"
5;"冬卉"
5;"冰岚"
5;"香薇"
5;"语芹"
5;"静珊"
5;"幻露"
5;"凌丝"
5;"小翠"
5;"雁卉"
5;"芷云"
5;"思柔"
5;"巧凡"
5;"依云"
5;"千柳"
5;"从凝"
5;"安梦"
5;"香旋"
5;"平萱"
5;"以筠"
5;"忆曼"
5;"绮露"
5;"觅儿"
5;"碧蓉"
5;"白竹"
5;"飞兰"
5;"曼雁"
5;"雁露"
5;"含灵"
5;"海秋"
5;"冰双"
5;"绿兰"
5;"盼易"
5;"思松"
5;"友灵"
5;"绿竹"
5;"灵安"
5;"凌柏"
5;"秋柔"
5;"又蓝"
5;"天蓝"
5;"青枫"
5;"问芙"
5;"灵珊"
5;"凝丹"
5;"小蕾"
5;"迎夏"
5;"水之"
5;"飞珍"
5;"冰夏"
5;"亦竹"
5;"飞莲"
5;"海白"
5;"元蝶"
5;"怀绿"
5;"元芹"
5;"若云"
5;"寒烟"
5;"采梦"
5;"凝莲"
5;"元彤"
5;"代桃"
5;"冷之"
5;"盼秋"
5;"慕蕊"
5;"海亦"
5;"初晴"
5;"巧蕊"
5;"听安"
5;"芷雪"
5;"以松"
5;"梦槐"
5;"寒梅"
5;"香岚"
5;"寄柔"
5;"映冬"
5;"晓蕾"
5;"安萱"
5;"听枫"
5;"夜绿"
5;"雪莲"
5;"从丹"
5;"碧蓉"
5;"绮琴"
5;"雨文"
5;"幼荷"
5;"青柏"
5;"初蓝"
5;"盼晴"
5;"雪珊"
5;"梦寒"
5;"迎南"
5;"如彤"
5;"若雁"
5;"沛容"
5;"幻翠"
5;"山兰"
5;"芷波"
5;"雪瑶"
5;"寄云"
5;"慕卉"
5;"涵梅"
5;"雁卉"
5;"宛秋"
5;"傲旋"
5;"凡儿"
5;"夏真"
5;"乐双"
5;"白玉"
5;"问玉"
5;"寄松"
5;"丹蝶"
5;"元瑶"
5;"冰蝶"
5;"访曼"
5;"代灵"
5;"平卉"
5;"丹寒"
5;"访梦"
5;"绿凝"
5;"冰菱"
5;"语蕊"
5;"思烟"
5;"映菱"
5;"凌兰"
5;"曼岚"
5;"傲薇"
5;"凡灵"
5;"乐蕊"
5;"秋灵"
5;"斌"
5;"莹"
5;"妍"
5;"鸣凤"
6;"天宇"
6;"浩然"
6;"文轩"
6;"鹭洋"
6;"乐驹"
6;"晓博"
6;"文博"
6;"立果"
6;"锦程"
6;"鹏飞"
6;"子默"
6;"思远"
6;"浩轩"
6;"语堂"
6;"聪健"
6;"问旋"
6;"白易"
6;"问筠"
6;"听白"
6;"靖易"
6;"冷之"
6;"盼秋"
6;"秋寒"
6;"海亦"
6;"盼旋"
6;"幼旋"
6;"沛山"
6;"代丝"
6;"觅松"
6;"夜白"
6;"冷安"
6;"幼南"
6;"凡梦"
6;"念波"
6;"迎松"
6;"青寒"
6;"笑天"
6;"问安"
6;"雅阳"
6;"友绿"
6;"南松"
6;"飞风"
6;"寄灵"
6;"谷波"
6;"笑白"
6;"妙海"
6;"孤风"
6;"从安"
6;"之玉"
6;"秋白"
6;"冰安"
6;"秋白"
6;"南风"
6;"醉山"
6;"凝海"
6;"映波"
6;"平文"
6;"青文"
6;"寻菡"
6;"沛白"
6;"白易"
6;"尔阳"
6;"谷槐"
6;"斌"
6;"不二"
6;"一一"
6;"大娘"
6;"千愁"
6;"摇伽"
6;"二娘"
6;"敏"
6;"芫"
6;"莫言"
6;"三娘"
6;"莆"
6;"无色"
6;"四娘"
6;"无心"
6;"涟妖"
6;"素阴"
6;"藏鸟"
6;"虔纹"
6;"桐"
6;"若魔"
6;"灭男"
6;"艳血"
6;"妖丽"
6;"雪一"
6;"茈"
6;"芾"
6;"三颜"
6;"襄"
6;"踏歌"
6;"赛凤"
6;"若血"
6;"衫"
6;"芙蓉"
6;"柏柳"
6;"一曲"
6;"雁开"
6;"艳一"
6;"灵煌"
6;"卿"
6;"灵"
6;"东蒽"
6;"宝川"
6;"宫苴"
6;"莛"
6;"邪欢"
6;"不弱"
6;"太君"
6;"芮"
6;"不惜"
6;"真"
6;"一寡"
6;"贞"
6;"不愁"
6;"可愁"
6;"盛男"
6;"可冥"
6;"幻悲"
6;"缘郡"
6;"莞"
6;"衣"
6;"不悔"
6;"不乐"
6;"葵阴"
6;"素"
6;"如花"
6;"起眸"
6;"灭绝"
6;"聋五"
6;"夜阑"
6;"悒"
6;"澜"
6;"大凄"
6;"蓝"
6;"笙"
6;"香魔"
6;"斓"
6;"魂幽"
6;"纹"
6;"紫"
6;"中蓝"
6;"若"
6;"岂愈"
6;"秋尽"
6;"外绣"
6;"清炎"
6;"行云"
6;"婴"
6;"雁"
6;"慕青"
6;"不平"
6;"曼文"
6;"惜文"
6;"海安"
6;"涵柏"
6;"又菱"
6;"雨寒"
6;"寻真"
6;"映易"
6;"海云"
6;"凝天"
6;"寒云"
6;"冰旋"
6;"灵槐"
6;"平安"
6;"翠风"
6;"代云"
6;"听寒"
6;"梦柏"
6;"醉易"
6;"访旋"
6;"冰夏"
6;"梦松"
6;"靖雁"
6;"觅波"
6;"凡旋"
6;"以亦"
6;"新波"
6;"代真"
6;"紫山"
6;"盼山"
6;"问旋"
6;"白易"
6;"问筠"
6;"半芹"
6;"亦寒"
6;"幻柏"
6;"元风"
6;"访蕊"
6;"从安"
6;"映寒"
6;"元柏"
6;"紫真"
6;"千青"
6;"凌寒"
6;"紫安"
6;"寒安"
6;"秋荷"
6;"以山"
6;"谷冬"
6;"冷安"
6;"笑寒"
6;"忆寒"
6;"映之"
6;"醉波"
6;"夜山"
6;"忆山"
6;"以寒"
6;"代亦"
6;"寄凡"
6;"雁枫"
6;"冬寒"
6;"青筠"
6;"夜安"
6;"觅海"
6;"雅山"
6;"寒凡"
6;"冬云"
6;"访枫"
6;"夜白"
6;"冷安"
6;"幻波"
6;"凌旋"
6;"孤丝"
6;"凡松"
6;"如天"
6;"代云"
6;"紫槐"
6;"幻柏"
6;"采文"
6;"盼海"
6;"安雁"
6;"映容"
6;"凝阳"
6;"访风"
6;"天亦"
6;"觅风"
6;"山柳"
6;"冬亦"
6;"海冬"
6;"白山"
6;"念寒"
6;"妙柏"
6;"千凝"
6;"听枫"
6;"凡之"
6;"青亦"
6;"飞槐"
6;"元枫"
6;"思天"
6;"如松"
6;"谷秋"
6;"妙松"
6;"安容"
6;"醉波"
6;"醉柳"
6;"以寒"
6;"如柏"
6;"凝竹"
6;"绿海"
6;"凡霜"
6;"飞雪"
6;"凡白"
6;"迎波"
6;"书双"
6;"夜天"
6;"秋蝶"
6;"千易"
6;"山雁"
6;"语山"
6;"如之"
6;"书易"
6;"新之"
6;"静枫"
6;"采白"
6;"乐安"
6;"紫安"
6;"雨雪"
6;"易真"
6;"丹秋"
6;"依白"
6;"凌青"
6;"飞松"
6;"夜柳"
6;"夜云"
6;"凝雁"
6;"采文"
6;"乐珍"
6;"乐松"
6;"涵山"
6;"问枫"
6;"雅柏"
6;"如风"
6;"紫易"
6;"语风"
6;"白枫"
6;"傲云"
6;"白梅"
6;"代双"
6;"以南"
6;"梦寒"
6;"亦旋"
6;"尔白"
6;"映真"
6;"灵阳"
6;"凡双"
6;"灵枫"
6;"思枫"
6;"凡阳"
6;"夜玉"
6;"半凡"
6;"思山"
6;"天玉"
6;"怜阳"
6;"幻天"
6;"寒凝"
6;"尔冬"
6;"雁风"
6;"平松"
6;"惜天"
6;"涵易"
6;"从波"
6;"之云"
6;"飞双"
6;"傲白"
6;"笑阳"
6;"冷亦"
6;"尔安"
6;"白安"
6;"安波"
6;"从阳"
6;"涵易"
6;"冰之"
6;"冷菱"
6;"安白"
6;"千亦"
6;"又夏"
6;"书文"
6;"平凡"
6;"新筠"
6;"夜梦"
6;"迎天"
6;"夏山"
6;"傲南"
6;"凝安"
6;"如凡"
6;"灵松"
6;"山槐"
6;"友易"
6;"孤云"
6;"涵易"
6;"忆之"
6;"安寒"
6;"平安"
6;"千山"
6;"元槐"
6;"映阳"
6;"映寒"
6;"元冬"
6;"尔风"
6;"映冬"
6;"灵寒"
6;"白风"
6;"访波"
6;"友安"
6;"海之"
6;"沛白"
6;"向真"
6;"亦云"
6;"冬易"
6;"晓山"
6;"醉冬"
6;"凡白"
6;"沛槐"
6;"又槐"
6;"易槐"
6;"问寒"
6;"代天"
6;"寄容"
6;"谷槐"
6;"访冬"
6;"安双"
6;"访天"
6;"静柏"
6;"访文"
6;"凌文"
6;"新竹"
6;"凝冬"
6;"初阳"
6;"梦山"
6;"尔竹"
6;"语海"
6;"芷天"
6;"尔容"
6;"觅山"
6;"秋寒"
6;"孤容"
6;"忆安"
6;"采枫"
6;"翠阳"
6;"书白"
6;"新之"
6;"静枫"
6;"忆枫"
6;"若枫"
